Test_Scenario_ID,FrameRef,Layer,Protocol,Field,Value
1,Packet_0,1,ETH,Destination MAC,A0:36:9F:A8:DA:61
1,Packet_0,1,ETH,Source MAC,A0:36:9F:A8:DA:60
1,Packet_0,1,ETH,EtherType,ARP
1,Packet_0,2,RAW,Data,0x01010101010101010101010101010101010101010101010101010101010101010101010101010101010101010101
1,Packet_1,1,ETH,Destination MAC,A0:36:9F:A8:DA:62
1,Packet_1,1,ETH,Source MAC,A0:36:9F:A8:DA:60
1,Packet_1,1,ETH,EtherType,ARP
1,Packet_1,2,RAW,Data,0x02020202020202020202020202020202020202020202020202020202020202020202020202020202020202020202
1,Packet_2,1,ETH,Destination MAC,A0:36:9F:A8:DA:63
1,Packet_2,1,ETH,Source MAC,A0:36:9F:A8:DA:60
1,Packet_2,1,ETH,EtherType,ARP
1,Packet_2,2,RAW,Data,0x03030303030303030303030303030303030303030303030303030303030303030303030303030303030303030303
1,Packet_3,1,ETH,Destination MAC,6C:B3:11:1C:18:19
1,Packet_3,1,ETH,Source MAC,A0:36:9F:A8:DA:60
1,Packet_3,1,ETH,EtherType,ARP
1,Packet_3,2,RAW,Data,0x04040404040404040404040404040404040404040404040404040404040404040404040404040404040404040404
1,Packet_4,1,ETH,Destination MAC,6C:B3:11:1C:18:18
1,Packet_4,1,ETH,Source MAC,A0:36:9F:A8:DA:60
1,Packet_4,1,ETH,EtherType,ARP
1,Packet_4,2,RAW,Data,0x05050505050505050505050505050505050505050505050505050505050505050505050505050505050505050505
1,Packet_5,1,ETH,Destination MAC,A0:36:9F:A8:DA:60
1,Packet_5,1,ETH,Source MAC,A0:36:9F:A8:DA:61
1,Packet_5,1,ETH,EtherType,ARP
1,Packet_5,2,RAW,Data,0x06060606060606060606060606060606060606060606060606060606060606060606060606060606060606060606
1,Packet_6,1,ETH,Destination MAC,A0:36:9F:A8:DA:62
1,Packet_6,1,ETH,Source MAC,A0:36:9F:A8:DA:61
1,Packet_6,1,ETH,EtherType,ARP
1,Packet_6,2,RAW,Data,0x07070707070707070707070707070707070707070707070707070707070707070707070707070707070707070707
1,Packet_7,1,ETH,Destination MAC,A0:36:9F:A8:DA:63
1,Packet_7,1,ETH,Source MAC,A0:36:9F:A8:DA:61
1,Packet_7,1,ETH,EtherType,ARP
1,Packet_7,2,RAW,Data,0x08080808080808080808080808080808080808080808080808080808080808080808080808080808080808080808
1,Packet_8,1,ETH,Destination MAC,6C:B3:11:1C:18:19
1,Packet_8,1,ETH,Source MAC,A0:36:9F:A8:DA:61
1,Packet_8,1,ETH,EtherType,ARP
1,Packet_8,2,RAW,Data,0x09090909090909090909090909090909090909090909090909090909090909090909090909090909090909090909
1,Packet_9,1,ETH,Destination MAC,6C:B3:11:1C:18:18
1,Packet_9,1,ETH,Source MAC,A0:36:9F:A8:DA:61
1,Packet_9,1,ETH,EtherType,ARP
1,Packet_9,2,RAW,Data,0x10101010101010101010101010101010101010101010101010101010101010101010101010101010101010101010
1,Packet_10,1,ETH,Destination MAC,A0:36:9F:A8:DA:60
1,Packet_10,1,ETH,Source MAC,A0:36:9F:A8:DA:62
1,Packet_10,1,ETH,EtherType,ARP
1,Packet_10,2,RAW,Data,0x1A1A1A1A1A1A1A1A1A1A1A1A1A1A1A1A1A1A1A1A1A1A1A1A1A1A1A1A1A1A1A1A1A1A1A1A1A1A1A1A1A1A1A1A1A1A
1,Packet_11,1,ETH,Destination MAC,A0:36:9F:A8:DA:61
1,Packet_11,1,ETH,Source MAC,A0:36:9F:A8:DA:62
1,Packet_11,1,ETH,EtherType,ARP
1,Packet_11,2,RAW,Data,0x1B1B1B1B1B1B1B1B1B1B1B1B1B1B1B1B1B1B1B1B1B1B1B1B1B1B1B1B1B1B1B1B1B1B1B1B1B1B1B1B1B1B1B1B1B1B
1,Packet_12,1,ETH,Destination MAC,A0:36:9F:A8:DA:63
1,Packet_12,1,ETH,Source MAC,A0:36:9F:A8:DA:62
1,Packet_12,1,ETH,EtherType,ARP
1,Packet_12,2,RAW,Data,0x1C1C1C1C1C1C1C1C1C1C1C1C1C1C1C1C1C1C1C1C1C1C1C1C1C1C1C1C1C1C1C1C1C1C1C1C1C1C1C1C1C1C1C1C1C1C
1,Packet_13,1,ETH,Destination MAC,6C:B3:11:1C:18:19
1,Packet_13,1,ETH,Source MAC,A0:36:9F:A8:DA:62
1,Packet_13,1,ETH,EtherType,ARP
1,Packet_13,2,RAW,Data,0x1D1D1D1D1D1D1D1D1D1D1D1D1D1D1D1D1D1D1D1D1D1D1D1D1D1D1D1D1D1D1D1D1D1D1D1D1D1D1D1D1D1D1D1D1D1D
1,Packet_14,1,ETH,Destination MAC,6C:B3:11:1C:18:18
1,Packet_14,1,ETH,Source MAC,A0:36:9F:A8:DA:62
1,Packet_14,1,ETH,EtherType,ARP
1,Packet_14,2,RAW,Data,0x1E1E1E1E1E1E1E1E1E1E1E1E1E1E1E1E1E1E1E1E1E1E1E1E1E1E1E1E1E1E1E1E1E1E1E1E1E1E1E1E1E1E1E1E1E1E
1,Packet_15,1,ETH,Destination MAC,A0:36:9F:A8:DA:60
1,Packet_15,1,ETH,Source MAC,A0:36:9F:A8:DA:63
1,Packet_15,1,ETH,EtherType,ARP
1,Packet_15,2,RAW,Data,0x1F1F1F1F1F1F1F1F1F1F1F1F1F1F1F1F1F1F1F1F1F1F1F1F1F1F1F1F1F1F1F1F1F1F1F1F1F1F1F1F1F1F1F1F1F1F
1,Packet_16,1,ETH,Destination MAC,A0:36:9F:A8:DA:61
1,Packet_16,1,ETH,Source MAC,A0:36:9F:A8:DA:63
1,Packet_16,1,ETH,EtherType,ARP
1,Packet_16,2,RAW,Data,0x20202020202020202020202020202020202020202020202020202020202020202020202020202020202020202020
1,Packet_17,1,ETH,Destination MAC,A0:36:9F:A8:DA:62
1,Packet_17,1,ETH,Source MAC,A0:36:9F:A8:DA:63
1,Packet_17,1,ETH,EtherType,ARP
1,Packet_17,2,RAW,Data,0x21212121212121212121212121212121212121212121212121212121212121212121212121212121212121212121
1,Packet_18,1,ETH,Destination MAC,6C:B3:11:1C:18:19
1,Packet_18,1,ETH,Source MAC,A0:36:9F:A8:DA:63
1,Packet_18,1,ETH,EtherType,ARP
1,Packet_18,2,RAW,Data,0x22222222222222222222222222222222222222222222222222222222222222222222222222222222222222222222
1,Packet_19,1,ETH,Destination MAC,6C:B3:11:1C:18:18
1,Packet_19,1,ETH,Source MAC,A0:36:9F:A8:DA:63
1,Packet_19,1,ETH,EtherType,ARP
1,Packet_19,2,RAW,Data,0x23232323232323232323232323232323232323232323232323232323232323232323232323232323232323232323
1,Packet_20,1,ETH,Destination MAC,A0:36:9F:A8:DA:60
1,Packet_20,1,ETH,Source MAC,6C:B3:11:1C:18:19
1,Packet_20,1,ETH,EtherType,ARP
1,Packet_20,2,RAW,Data,0x24242424242424242424242424242424242424242424242424242424242424242424242424242424242424242424
1,Packet_21,1,ETH,Destination MAC,A0:36:9F:A8:DA:61
1,Packet_21,1,ETH,Source MAC,6C:B3:11:1C:18:19
1,Packet_21,1,ETH,EtherType,ARP
1,Packet_21,2,RAW,Data,0x25252525252525252525252525252525252525252525252525252525252525252525252525252525252525252525
1,Packet_22,1,ETH,Destination MAC,A0:36:9F:A8:DA:62
1,Packet_22,1,ETH,Source MAC,6C:B3:11:1C:18:19
1,Packet_22,1,ETH,EtherType,ARP
1,Packet_22,2,RAW,Data,0x26262626262626262626262626262626262626262626262626262626262626262626262626262626262626262626
1,Packet_23,1,ETH,Destination MAC,A0:36:9F:A8:DA:63
1,Packet_23,1,ETH,Source MAC,6C:B3:11:1C:18:19
1,Packet_23,1,ETH,EtherType,ARP
1,Packet_23,2,RAW,Data,0x27272727272727272727272727272727272727272727272727272727272727272727272727272727272727272727
1,Packet_24,1,ETH,Destination MAC,6C:B3:11:1C:18:18
1,Packet_24,1,ETH,Source MAC,6C:B3:11:1C:18:19
1,Packet_24,1,ETH,EtherType,ARP
1,Packet_24,2,RAW,Data,0x28282828282828282828282828282828282828282828282828282828282828282828282828282828282828282828
1,Packet_25,1,ETH,Destination MAC,A0:36:9F:A8:DA:60
1,Packet_25,1,ETH,Source MAC,6C:B3:11:1C:18:18
1,Packet_25,1,ETH,EtherType,ARP
1,Packet_25,2,RAW,Data,0x29292929292929292929292929292929292929292929292929292929292929292929292929292929292929292929
1,Packet_26,1,ETH,Destination MAC,A0:36:9F:A8:DA:61
1,Packet_26,1,ETH,Source MAC,6C:B3:11:1C:18:18
1,Packet_26,1,ETH,EtherType,ARP
1,Packet_26,2,RAW,Data,0x2A2A2A2A2A2A2A2A2A2A2A2A2A2A2A2A2A2A2A2A2A2A2A2A2A2A2A2A2A2A2A2A2A2A2A2A2A2A2A2A2A2A2A2A2A2A
1,Packet_27,1,ETH,Destination MAC,A0:36:9F:A8:DA:62
1,Packet_27,1,ETH,Source MAC,6C:B3:11:1C:18:18
1,Packet_27,1,ETH,EtherType,ARP
1,Packet_27,2,RAW,Data,0x2B2B2B2B2B2B2B2B2B2B2B2B2B2B2B2B2B2B2B2B2B2B2B2B2B2B2B2B2B2B2B2B2B2B2B2B2B2B2B2B2B2B2B2B2B2B
1,Packet_28,1,ETH,Destination MAC,A0:36:9F:A8:DA:63
1,Packet_28,1,ETH,Source MAC,6C:B3:11:1C:18:18
1,Packet_28,1,ETH,EtherType,ARP
1,Packet_28,2,RAW,Data,0x2C2C2C2C2C2C2C2C2C2C2C2C2C2C2C2C2C2C2C2C2C2C2C2C2C2C2C2C2C2C2C2C2C2C2C2C2C2C2C2C2C2C2C2C2C2C
1,Packet_29,1,ETH,Destination MAC,6C:B3:11:1C:18:19
1,Packet_29,1,ETH,Source MAC,6C:B3:11:1C:18:18
1,Packet_29,1,ETH,EtherType,ARP
1,Packet_29,2,RAW,Data,0x2D2D2D2D2D2D2D2D2D2D2D2D2D2D2D2D2D2D2D2D2D2D2D2D2D2D2D2D2D2D2D2D2D2D2D2D2D2D2D2D2D2D2D2D2D2D
